id,name,orcid,works_count,cited_by_count,h_index,i10_index,2yr_mean_citedness,institution,country,top_concepts,works_api_url
https://openalex.org/A5086198262,Yoshua Bengio,https://orcid.org/0000-0002-9322-3515,1290,479505,187,721,72.59583333333333,Centre Universitaire de Mila,DZ,"Computer science, Environmental science, Geology, Engineering",https://api.openalex.org/works?filter=author.id:A5086198262
https://openalex.org/A5086852785,Karl Friston,https://orcid.org/0000-0001-7984-8909,2051,296123,259,1158,7.260700389105058,King's College London,GB,"Library science, Editorial board, Computer science, Medicine",https://api.openalex.org/works?filter=author.id:A5086852785
https://openalex.org/GS_Stephen_M._Smith,Stephen M. Smith,,0,263905,0,0,0.0,WIN (FMRIB),,Brain imaging MRI Computational Neuroscience Connectomics Medical Image Analysis,
https://openalex.org/GS_Anders_M._Dale,Anders M. Dale,,0,224519,0,0,0.0,President,,Neuroimaging MRI Computational Neuroscience Statistical Genetics Biomedical Optics,
https://openalex.org/A5044141636,Terrence J. Sejnowski,https://orcid.org/0000-0002-0622-7391,1002,187381,153,542,8.555555555555555,Francis Crick Professor,US,"Bioenergetics, Bioenergetics, Bioenergetics, Commissure",https://api.openalex.org/works?filter=author.id:A5044141636
https://openalex.org/GS_Jonathon_Shlens,Jonathon Shlens,,0,175314,0,0,0.0,Principal Scientist and Director,,Vision Machine Learning Computational Neuroscience,
https://openalex.org/GS_Klaus-Robert_Müller,Klaus-Robert Müller,,0,172217,0,0,0.0,TU Berlin & Korea University & Google DeepMind,,Machine learning artificial intelligence big data computational neuroscience,
https://openalex.org/A5071093940,Joshua B. Tenenbaum,https://orcid.org/0000-0002-1925-2035,932,139379,114,449,8.668141592920353,MIT,US,"Human–computer interaction, Epistemology, Epistemology, Psychoanalysis",https://api.openalex.org/works?filter=author.id:A5071093940
https://openalex.org/A5084822308,Christof Koch,https://orcid.org/0000-0001-6482-8067,1100,137783,160,532,12.220588235294118,Ohio Northern University,US,"Optics, Physics, Function (biology), Artificial intelligence",https://api.openalex.org/works?filter=author.id:A5084822308
https://openalex.org/GS_Eero_P_Simoncelli,Eero P Simoncelli,,0,132788,0,0,0.0,Professor of Neural Science,,Computational Vision Computational Neuroscience Image Processing,
https://openalex.org/GS_Tim_Behrens,Tim Behrens,,0,128893,0,0,0.0,Professor of Computational Neuroscience,,Computational Neuroscience Behavioral Neuroscience Representation learning,
https://openalex.org/GS_Edmund_T_Rolls,Edmund T Rolls,,0,126138,0,0,0.0,Oxford Centre for Computational Neuroscience,,Neuroscience Computational Neuroscience Emotion Memory Vision,
https://openalex.org/A5002202464,Olaf Sporns,https://orcid.org/0000-0001-7265-4036,501,125492,112,292,14.063492063492063,Distinguished Professor,,"Environmental science, Computer science, Commissure, Commissure",https://api.openalex.org/works?filter=author.id:A5002202464
https://openalex.org/GS_Vinod_Menon,Vinod Menon,,0,106291,0,0,0.0,Professor of Psychiatry,,Systems neuroscience Psychiatry Cognitive neuroscience Computational neuroscience,
https://openalex.org/GS_Christos_H_Papadimitriou,Christos H Papadimitriou,,0,102049,0,0,0.0,Columbia University,,Algorithms Complexity Game Theory Evolution Computational Neuroscience,
https://openalex.org/GS_Matthew_Botvinick,Matthew Botvinick,,0,101163,0,0,0.0,Google DeepMind,,Artificial Intelligence AI Policy Cognitive Science Computational Neuroscience,
https://openalex.org/GS_Stephen_Grossberg,Stephen Grossberg,,0,89143,0,0,0.0,Wang Professor,,computational neuroscience theoretical cognitive science neuromorphic technology,
https://openalex.org/GS_Mark_Woolrich,Mark Woolrich,,0,88364,0,0,0.0,Director,,Neuroscience Neuroimaging Computational Neuroscience Machine Learning,
https://openalex.org/A5075063030,Peter Dayan,https://orcid.org/0000-0003-3476-1839,998,87112,117,383,4.531914893617022,Max Planck Institute for Biological Cybernetics,DE,"Psychology, Psychology, Neuroscience, Cognition",https://api.openalex.org/works?filter=author.id:A5075063030
https://openalex.org/GS_Jean-Jacques_Slotine,Jean-Jacques Slotine,,0,82313,0,0,0.0,MIT,,Dynamical Systems Control Theory Complex Systems Computational Neuroscience,
https://openalex.org/GS_Aapo_Hyvärinen,Aapo Hyvärinen,,0,79312,0,0,0.0,University of Helsinki,,Machine Learning Computational Neuroscience,
https://openalex.org/GS_Daniel_Wolpert,Daniel M. Wolpert,,356,79215,104,0,0.0,Professor of Neuroscience,,Neuroscience Computational Neuroscience motor control motor learning,
https://openalex.org/A5063079579,Eric‐Jan Wagenmakers,https://orcid.org/0000-0003-1596-1034,763,73191,111,343,6.037383177570093,University of Amsterdam,NL,"Public economics, Public economics, Recall, Recall",https://api.openalex.org/works?filter=author.id:A5063079579
https://openalex.org/GS_H_Sebastian_Seung,H Sebastian Seung,,0,69823,0,0,0.0,Professor,,computational neuroscience connectomics,
https://openalex.org/A5066294254,Timothy Lillicrap,https://orcid.org/0000-0001-8918-486X,158,64014,58,109,74.73684210526316,Google (United States),US,"Perplexity, Embodied cognition, Embodied cognition, Embodied cognition",https://api.openalex.org/works?filter=author.id:A5066294254
https://openalex.org/GS_Peter_J._Basser,Peter J. Basser,,0,63311,0,0,0.0,Senior Investigator,,Diffusion MRI Neuroscience,
https://openalex.org/GS_Dana_Ballard,Dana Ballard,,0,63090,0,0,0.0,Professor of Computer Science,,Neuroscience Computational neuroscience motor control,
https://openalex.org/GS_Laurent_Itti,Laurent Itti,,0,62839,0,0,0.0,Professor of Computer Science,,Computational neuroscience machine vision artificial intelligence,
https://openalex.org/GS_Michael_Arbib,Michael Arbib,,0,57355,0,0,0.0,University of California at San Diego,,Computational Neuroscience Neurolinguistics Neuroinformatics,
https://openalex.org/A5010820865,Zoubin Ghahramani,https://orcid.org/0000-0002-7464-6475,401,56738,99,276,85.25,University of Cambridge,GB,"Perplexity, Perplexity, Graph kernel, Poisson distribution, Bayesian statistics",https://api.openalex.org/works?filter=author.id:A5010820865
https://openalex.org/GS_David_J_Heeger,David J Heeger,,0,55780,0,0,0.0,Professor of Psychology and Neural Science,,Neuroscience Visual Neuroscience Computational Neuroscience,
https://openalex.org/GS_Stefan_Schaal,Stefan Schaal,,0,55686,0,0,0.0,Google,,artificial intelligence robotics computational neuroscience,
https://openalex.org/GS_Matthias_Bethge,Matthias Bethge,,0,52986,0,0,0.0,Tübingen University & Maddox,,Computational Neuroscience Machine Learning Vision,
https://openalex.org/GS_Xiao-Jing_Wang,Xiao-Jing Wang,,0,51600,0,0,0.0,Global Professor of Neural Science,,Computational Neuroscience Large-scale Modeling Working Memory,
https://openalex.org/GS_Daniel_D._Lee,Daniel D. Lee,,0,50836,0,0,0.0,Tisch University Professor,,machine learning robotics computational neuroscience,
https://openalex.org/GS_Read_Montague,Read Montague,,0,49893,0,0,0.0,Professor of Physics,,Neuroscience computational neuroscience social neuroscience,
https://openalex.org/A5009266404,Danielle S. Bassett,https://orcid.org/0000-0002-6183-4493,739,48809,106,326,2.192982456140351,Emory University,US,"Function (biology), Artificial intelligence, Control (management), Computer science",https://api.openalex.org/works?filter=author.id:A5009266404
https://openalex.org/GS_Blaise_Aguera_y_Arcas,Blaise Aguera y Arcas,,0,47525,0,0,0.0,VP Engineering Fellow,,AI Machine Learning Computer Vision Computational Neuroscience,
https://openalex.org/A5007609257,Michael J. Frank,https://orcid.org/0000-0001-8451-0523,456,47481,97,217,4.230769230769231,Professor,US,"Recall, Recall, Recall, Recall",https://api.openalex.org/works?filter=author.id:A5007609257
https://openalex.org/A5047963275,Gustavo Deco,https://orcid.org/0000-0002-8995-7583,919,46121,99,451,8.335164835164836,University Pompeu Fabra,CZ,"Siemens, Collective behavior, Embodied cognition, Recall",https://api.openalex.org/works?filter=author.id:A5047963275
https://openalex.org/GS_Horace_Barlow,Horace Barlow,,0,44798,0,0,0.0,Cambridge University (1921-2020),,Neuroscience Computational Neuroscience Systems Neuroscience Vision,
https://openalex.org/A5028840283,Mitsuo Kawato,https://orcid.org/0000-0001-8185-1197,671,42669,100,294,3.977777777777778,RIKEN Center for Advanced Intelligence Project,JP,"Competence (human resources), Competence (human resources), Embodied cognition, Germination",https://api.openalex.org/works?filter=author.id:A5028840283
https://openalex.org/GS_Bard_Ermentrout,Bard Ermentrout,,0,41594,0,0,0.0,Professor of Mathematics,,Mathematical Biology computational neuroscience,
https://openalex.org/GS_Michael_Hasselmo,Michael Hasselmo,,0,41510,0,0,0.0,Director,,Systems Neuroscience Episodic Memory Computational Neuroscience,
https://openalex.org/GS_Kenneth_Harris,Kenneth Harris,,0,41416,0,0,0.0,University College London,,Neuroscience Mathematical Neuroscience Computational Neuroscience,
https://openalex.org/GS_Eve_Marder,Eve Marder,,0,40610,0,0,0.0,Brandeis University,,neuromodulation computational neuroscience dynamics of small networks,
https://openalex.org/A5043228682,Eric Horvitz,https://orcid.org/0000-0002-8823-0614,671,40131,94,372,44.52173913043478,Microsoft (United States),US,"Protein sequencing, Dynamic web page, Perplexity, Perplexity",https://api.openalex.org/works?filter=author.id:A5043228682
https://openalex.org/GS_Malvin_Carl_Teich,Malvin Carl Teich,,0,39445,0,0,0.0,Professor Emeritus,,Quantum photonics Fractal stochastic processes Computational neuroscience,
https://openalex.org/GS_Reza_Shadmehr,Reza Shadmehr,,0,39194,0,0,0.0,Professor,,Cerebellum Motor control Computational neuroscience,
https://openalex.org/GS_Matteo_Carandini,Matteo Carandini,,0,37977,0,0,0.0,Professor of Visual Neuroscience,,Neuroscience Visual Neuroscience Computational Neuroscience,
https://openalex.org/A5064885281,Michael Breakspear,https://orcid.org/0000-0003-4943-3969,424,37881,87,241,19.718309859154928,University of Newcastle,AU,"Thermoregulation, Recall, Recall, Recall",https://api.openalex.org/works?filter=author.id:A5064885281
https://openalex.org/GS_Wolfgang_Maass,Wolfgang Maass,,0,35706,0,0,0.0,Professor of Computer Science,,Computational Neuroscience Machine Learning Computational Complexity,
https://openalex.org/GS_M._Di_Ventra,M. Di Ventra,,0,34575,0,0,0.0,Professor of Physics,,Physics Condensed Matter Unconventional Computing Computational Neuroscience,
https://openalex.org/GS_Krzysztof_J._Gorgolewski,Krzysztof J. Gorgolewski,,0,34417,0,0,0.0,Anthropic,,large language models artificial intelligence computational neuroscience,
https://openalex.org/GS_Auke_Ijspeert,Auke Ijspeert,,0,33441,0,0,0.0,EPFL,,biorobotics robotics computational neuroscience motor control,
https://openalex.org/GS_Bruno_Olshausen,Bruno Olshausen,,0,32883,0,0,0.0,Professor,,Computational neuroscience vision natural scenes sparse coding,
https://openalex.org/GS_Yanping_Huang,Yanping Huang,,0,32515,0,0,0.0,Google Brain,,Artificial Intelligence Deep Learning Computational Neuroscience,
https://openalex.org/A5091804814,Eugene M. Izhikevich,,81,32425,38,42,0.0,Chairman,,"Saddle-node bifurcation, Saddle-node bifurcation, Saddle-node bifurcation, Hodgkin–Huxley model, Hodgkin–Huxley model",https://api.openalex.org/works?filter=author.id:A5091804814
https://openalex.org/GS_Alain_Destexhe,Alain Destexhe,,0,32408,0,0,0.0,CNRS,,Neuroscience computational neuroscience theoretical neuroscience,
https://openalex.org/A5003480477,Wulfram Gerstner,https://orcid.org/0000-0002-4344-2189,443,31962,77,210,5.487179487179487,École Polytechnique Fédérale de Lausanne,CH,"Physics, Psychology, Neuroscience, Biological system",https://api.openalex.org/works?filter=author.id:A5003480477
https://openalex.org/GS_Barry_Horwitz,Barry Horwitz,,0,31890,0,0,0.0,Brain Imaging & Modeling Section,,neuroscience computational neuroscience functional neuroimaging,
https://openalex.org/A5014769767,James J. DiCarlo,https://orcid.org/0000-0002-1592-5896,207,31679,67,112,15.0,McGovern Institute for Brain Research,US,"Embodied cognition, Embodied cognition, Embodied cognition, Bridge (graph theory), Spatial frequency",https://api.openalex.org/works?filter=author.id:A5014769767
https://openalex.org/GS_Federico_Turkheimer,Federico Turkheimer,,0,31133,0,0,0.0,Professor of Neuroimaging,,Neuroscience neuroimaging computational neuroscience,
https://openalex.org/GS_Michael_N._Smolka,Michael N. Smolka,,0,31068,0,0,0.0,Professor,,addiction cognitive neuroscience computational neuroscience,
https://openalex.org/A5031715686,Samuel J. Gershman,https://orcid.org/0000-0002-6546-3298,438,30946,71,206,5.632352941176471,Professor,US,"Public economics, Competence (human resources), Competence (human resources), Competence (human resources)",https://api.openalex.org/works?filter=author.id:A5031715686
https://openalex.org/A5084467223,Nikolaus Kriegeskorte,https://orcid.org/0000-0001-7433-9005,311,30751,71,130,5.915254237288136,Brain (Germany),DE,"Algorithm, Engineering, Artificial intelligence, Residual",https://api.openalex.org/works?filter=author.id:A5084467223
https://openalex.org/GS_Ehsan_Adeli,Ehsan Adeli,,0,30676,0,0,0.0,Stanford University,,Computer Vision Computational Neuroscience Precision Healthcare,
https://openalex.org/GS_David_Touretzky,David Touretzky,,0,30510,0,0,0.0,Professor of Computer Science,,artificial intelligence robotics computational neuroscience,
https://openalex.org/A5010379923,William Bialek,https://orcid.org/0000-0002-7823-3862,315,30357,73,145,3.5172413793103448,Rockefeller University,US,"Systems biology, Computational biology, Biology, Cell biology",https://api.openalex.org/works?filter=author.id:A5010379923
https://openalex.org/GS_Chiyuan_Zhang,Chiyuan Zhang,,0,30131,0,0,0.0,Google Research,,Machine Learning Computational Neuroscience,
https://openalex.org/GS_David_J._Field,David J. Field,,0,29996,0,0,0.0,Professor of Psychology,,vision computational vision natural scenes computational neuroscience,
https://openalex.org/GS_Carson_C_Chow,Carson C Chow,,0,29700,0,0,0.0,Senior Investigator,,Mathematical Biology Computational Neuroscience Dynamical Systems,
https://openalex.org/A5039593921,Alexandre Pouget,https://orcid.org/0000-0003-3054-6365,173,29453,67,120,27.80952380952381,University of Geneva,GB,"Psychology, Neuroscience, Cognition, Cognitive psychology, Hindbrain",https://api.openalex.org/works?filter=author.id:A5039593921
https://openalex.org/GS_Kenji_Doya,Kenji Doya,,0,29378,0,0,0.0,Okinawa Institute of Science and Technology,,Computational Neuroscience Neural Networks Reinforcement Learning,
https://openalex.org/A5108803445,David Marr,,60,28998,29,38,0.0,Massachusetts Institute of Technology,US,"Recall, Spatial frequency, Modular design, Motion (physics), Motion (physics)",https://api.openalex.org/works?filter=author.id:A5108803445
https://openalex.org/GS_Rajesh_P._N._Rao,Rajesh P. N. Rao,,0,28533,0,0,0.0,Computer Science,,Computational Neuroscience Brain-Computer Interfacing AI,
https://openalex.org/GS_Ad_Aertsen,Ad Aertsen,,0,28387,0,0,0.0,Professor,,Computational Neuroscience Systems Neuroscience Neurotechnology,
https://openalex.org/GS_Kenneth_A._Norman,Kenneth A. Norman,,0,27895,0,0,0.0,Professor of Psychology,,Cognitive Neuroscience Computational Neuroscience Cognitive Psychology,
https://openalex.org/GS_Simon_J._Thorpe,Simon J. Thorpe,,0,27664,0,0,0.0,Emeritus CNRS Research Director,,Computational Neuroscience Perception Memory Neural Networks AI,
https://openalex.org/A5088723671,Michael Häusser,https://orcid.org/0000-0002-2673-8957,254,27423,81,143,21.84210526315789,University of Hong Kong,HK,"Artificial intelligence, Psychology, Psychology, Neuroscience",https://api.openalex.org/works?filter=author.id:A5088723671
https://openalex.org/GS_Xiaolin_Hu,Xiaolin Hu,,0,27060,0,0,0.0,Associate Professor,,artificial neural networks computational neuroscience,
https://openalex.org/GS_Cameron_C._McIntyre,Cameron C. McIntyre,,0,26996,0,0,0.0,Duke University,,Neuromodulation Deep Brain Stimulation Neural Engineering,
https://openalex.org/GS_Ernst_Niebur,Ernst Niebur,,0,26819,0,0,0.0,Johns Hopkins University,,computational neuroscience,
https://openalex.org/GS_John_Rinzel,John Rinzel,,0,26315,0,0,0.0,Professor of Neural Science and Mathematics,,Computational Neuroscience Sensory Processing,
https://openalex.org/GS_Yael_Niv,Yael Niv,,0,26058,0,0,0.0,Professor of Psychology,,reinforcement learning neuroeconomics computational neuroscience,
https://openalex.org/GS_John_K._Tsotsos,John K. Tsotsos,,0,25881,0,0,0.0,York University,,vision attention computer vision robotics computational neuroscience,
https://openalex.org/GS_Ildefons_Magrans_de_Abril,Ildefons Magrans de Abril,,0,25664,0,0,0.0,Postdoc at Universitat Pompeu Fabra,,Machine learning computational neuroscience,
https://openalex.org/A5047727568,Viktor Jirsa,https://orcid.org/0000-0002-8251-8860,535,25217,78,241,7.63030303030303,Inserm,FR,"Public economics, Metronome, Metronome, Embodied cognition",https://api.openalex.org/works?filter=author.id:A5047727568
https://openalex.org/A5057780747,Roger D. Traub,https://orcid.org/0000-0002-4879-5936,242,24929,83,152,4.5,University of Pennsylvania,US,"Germination, Voltage clamp, Poisson distribution, GABAB receptor",https://api.openalex.org/works?filter=author.id:A5057780747
https://openalex.org/GS_Rodney_Douglas,Rodney Douglas,,0,24837,0,0,0.0,Professor of Computational Neuroscience,,Neuroscience Neuromorphic Engineering Neuroinformatics,
https://openalex.org/A5029077543,Christopher J. Honey,https://orcid.org/0000-0002-0745-5089,117,24659,45,64,7.75,Associate Professor,US,"Physics, Engineering, Mathematical analysis, Meteorology, Volume (thermodynamics)",https://api.openalex.org/works?filter=author.id:A5029077543
https://openalex.org/GS_Cameron_Craddock,Cameron Craddock,,0,24565,0,0,0.0,The Neuro Bureau,,Medical Imaging Neuroinformatics MRI Computational Neuroscience,
https://openalex.org/GS_Gabriel_Kreiman,Gabriel Kreiman,,0,24517,0,0,0.0,Professor,,Artificial Intelligence Computational Biology Computational Neuroscience,
https://openalex.org/A5005081662,Henry D. I. Abarbanel,https://orcid.org/0000-0002-4690-6081,364,24494,61,174,2.0,,,"Collective behavior, Crawling, Crawling, Poisson distribution",https://api.openalex.org/works?filter=author.id:A5005081662
https://openalex.org/GS_Mark_Reimers,Mark Reimers,,0,24268,0,0,0.0,Michigan State U,,computational neuroscience genomics,
https://openalex.org/A5065568884,Sander Nieuwenhuis,https://orcid.org/0000-0003-2418-3879,1073,23933,65,115,3.891891891891892,Leiden University,NL,"Computer science, Psychology, Extinction (optical mineralogy), Psychopharmacology, Psychopharmacology",https://api.openalex.org/works?filter=author.id:A5065568884
https://openalex.org/GS_Alexander_S._Ecker,Alexander S. Ecker,,0,23834,0,0,0.0,University of Göttingen,,Computational Neuroscience Vision Machine Learning,
https://openalex.org/GS_Christian_Igel,Christian Igel,,0,23804,0,0,0.0,University of Copenhagen,,machine learning computational intelligence computational neuroscience,
https://openalex.org/GS_Stefano_Panzeri,Stefano Panzeri,,0,23653,0,0,0.0,University Medical Center Hamburg-Eppendorf,,Computational Neuroscience Neural Coding Systems Neuroscience,
https://openalex.org/A5072047827,Konrad P. Körding,https://orcid.org/0000-0001-8408-4499,446,23538,73,219,13.634615384615383,California University of Pennsylvania,US,"Embodied cognition, Embodied cognition, Recall, Poisson distribution",https://api.openalex.org/works?filter=author.id:A5072047827
https://openalex.org/A5008620732,Pieter R. Roelfsema,https://orcid.org/0000-0002-1625-0034,354,23390,72,163,6.4324324324324325,Vrije Universiteit Amsterdam,NL,"Coma (optics), Welfare, Embodied cognition, Recall",https://api.openalex.org/works?filter=author.id:A5008620732
https://openalex.org/GS_Andreas_Tolias,Andreas Tolias,,0,23345,0,0,0.0,Stanford University,,systems neuroscience computational neuroscience machine learning NeuroAI,
https://openalex.org/GS_Ying_Nian_Wu,Ying Nian Wu,,0,23066,0,0,0.0,UCLA Department of Statistics,,Generative AI Representation learning Computer vision Computational neuroscience,
https://openalex.org/A5023278055,Liam Paninski,https://orcid.org/0000-0002-0276-7032,291,22390,67,160,9.533333333333331,Columbia University Irving Medical Center,US,"Crawling, Recall, Poisson distribution, Poisson distribution",https://api.openalex.org/works?filter=author.id:A5023278055
https://openalex.org/GS_Bernhard_Nessler,Bernhard Nessler,,0,22371,0,0,0.0,SCCH GmbH & JKU Linz,,Computational Neuroscience Machine Learning Deep Learning,
https://openalex.org/GS_Dora_E_Angelaki,Dora E Angelaki,,0,22333,0,0,0.0,Professor,,computational neuroscience multisensory vision spatial navigation,
https://openalex.org/GS_Jean_Daunizeau,Jean Daunizeau,,0,22281,0,0,0.0,INSERM / Paris Brain Institute,,Computational neuroscience,
https://openalex.org/A5039497694,Claudia Clopath,https://orcid.org/0000-0003-4507-8648,263,22139,43,100,7.589473684210526,Bioengineering,GB,"Embodied cognition, Embodied cognition, Embodied cognition, Recall",https://api.openalex.org/works?filter=author.id:A5039497694
https://openalex.org/A5011316863,Daniel Yamins,https://orcid.org/0000-0001-6155-4523,165,22058,36,73,4.457142857142857,Associate Professor,US,"Embodied cognition, Embodied cognition, Embodied cognition, Finance",https://api.openalex.org/works?filter=author.id:A5011316863
https://openalex.org/GS_Thomas_Serre,Thomas Serre,,0,21999,0,0,0.0,Professor,,computational neuroscience computer vision deep learning,
https://openalex.org/GS_Dipanjan_Roy,Dipanjan Roy,,0,21845,0,0,0.0,IIT Jodhpur,,Cognitive Neuroscience Computational Neuroscience Machine learning,
https://openalex.org/GS_Neil_Rabinowitz,Neil Rabinowitz,,0,21543,0,0,0.0,DeepMind,,deep learning computational neuroscience,
https://openalex.org/GS_Ferdinando_Mussa-Ivaldi,Ferdinando Mussa-Ivaldi,,0,21464,0,0,0.0,Professor,,Systems Neuroscience Motor Learning Robotics Computational Neuroscience,
https://openalex.org/GS_Evelina_Fedorenko,Evelina Fedorenko,,0,21339,0,0,0.0,MIT,,Cognitive Neuroscience Computational Neuroscience Neurolinguistics,
https://openalex.org/GS_Zachary_F_Mainen,Zachary F Mainen,,0,21260,0,0,0.0,Champalimaud Neuroscience Programme,,Neuroscience Systems neuroscience Computational Neuroscience,
https://openalex.org/GS_Adam_Santoro,Adam Santoro,,0,21056,0,0,0.0,Google DeepMind,,Computational Neuroscience Machine Learning Memory Consolidation,
https://openalex.org/GS_Claus_C._Hilgetag,Claus C. Hilgetag,,0,20971,0,0,0.0,Professor,,Neuroinformatics Computational Neuroscience,
https://openalex.org/GS_Peter_Jung,Peter Jung,,0,20510,0,0,0.0,Professor of Physics,,Biophysics Computational Neuroscience Computational Cell Biology,
https://openalex.org/GS_Misha_Tsodyks,Misha Tsodyks,,0,20330,0,0,0.0,Weizmann Institute,,Computational neuroscience nonlinear dynamics statistical physics,
https://openalex.org/GS_Hamid_Reza_Marateb,Hamid Reza Marateb,,0,20274,0,0,0.0,University of Isfahan,,Medical Data Mining Digital Health Computational Neuroscience,
https://openalex.org/GS_Tamar_Flash,Tamar Flash,,0,19961,0,0,0.0,Weizmann Institute,,Neuroscience motor control robotics computational neuroscience,
https://openalex.org/GS_James_M_Bower,James M Bower,,0,19809,0,0,0.0,Affiliate Professor,,computational neuroscience neurophysiology science education,
https://openalex.org/GS_Wilson_S_Geisler,Wilson S Geisler,,0,19781,0,0,0.0,Professor,,vision science visual neuroscience computational neuroscience,
https://openalex.org/A5091022473,P. A. Robinson,https://orcid.org/0000-0002-5050-9804,597,19362,66,334,23.875,The University of Sydney,AU,"Spatial frequency, Glymphatic system, Interdependent networks, Saddle-node bifurcation, Saddle-node bifurcation",https://api.openalex.org/works?filter=author.id:A5091022473
https://openalex.org/A5033785127,Robert C. Wilson,https://orcid.org/0000-0002-2963-2971,486,17748,65,175,7.769230769230769,Royal Brompton Hospital,GB,"Philosophy, Humanities, History, Cilium",https://api.openalex.org/works?filter=author.id:A5033785127
https://openalex.org/A5056551357,Surya Ganguli,https://orcid.org/0000-0002-9264-7551,261,17325,61,142,17.5,Stanford University,US,"Embodied cognition, Embodied cognition, Recall, Recall",https://api.openalex.org/works?filter=author.id:A5056551357
https://openalex.org/A5032945266,Birte U. Forstmann,https://orcid.org/0000-0002-1005-1675,297,15185,62,134,1.915254237288136,University of Amsterdam,NL,"Embodied cognition, Germination, Bridge (graph theory), Finance",https://api.openalex.org/works?filter=author.id:A5032945266
https://openalex.org/A5082429924,Richard Miles,https://orcid.org/0000-0001-7303-0233,128,15098,62,95,15.0,Collège de France,FR,"Voltage clamp, Voltage clamp, Voltage clamp, Voltage clamp, GABAB receptor",https://api.openalex.org/works?filter=author.id:A5082429924
https://openalex.org/A5035043576,Fred Rieke,https://orcid.org/0000-0002-1052-2609,308,15055,61,119,2.3015873015873014,University of Washington,US,"Operating system, Algorithm, Visual system, Physics",https://api.openalex.org/works?filter=author.id:A5035043576
https://openalex.org/A5025338734,Peter E. Latham,https://orcid.org/0000-0001-8713-9328,174,14300,45,76,5.242424242424242,University College London,GB,"Bridge (graph theory), Poisson distribution, Poisson distribution, Finance, Finance",https://api.openalex.org/works?filter=author.id:A5025338734
https://openalex.org/A5112273404,James C. Houk,,152,13932,59,105,0.0,,,"H-reflex, Recall, Recall, Recall, Recall",https://api.openalex.org/works?filter=author.id:A5112273404
https://openalex.org/A5027748067,Michael L. Hines,https://orcid.org/0000-0003-1830-7433,165,13718,43,80,0.0,,,"Computational neuroscience, Artificial intelligence, Programming language, Pure mathematics, Neuroinformatics",https://api.openalex.org/works?filter=author.id:A5027748067
https://openalex.org/A5049757389,Ádám Kepecs,https://orcid.org/0000-0003-0049-8120,118,12550,46,59,3.0,Washington University in St. Louis,US,"Recall, Optical switch, Finance, Finance",https://api.openalex.org/works?filter=author.id:A5049757389
https://openalex.org/A5082132955,Kenneth D. Miller,https://orcid.org/0000-0002-1433-0647,133,12315,45,69,3.941176470588236,Center for Theoretical Physics,PL,"Poisson distribution, Spatial frequency, Spatial frequency, Spatial frequency",https://api.openalex.org/works?filter=author.id:A5082132955
https://openalex.org/A5049095056,Rafał Bogacz,https://orcid.org/0000-0002-8994-1661,230,12053,48,105,6.761904761904762,MRC Brain Network Dynamics Unit,GB,"Recall, Recall, Recall, Recall",https://api.openalex.org/works?filter=author.id:A5049095056
https://openalex.org/A5043055788,M. I. Rabinovich,https://orcid.org/0000-0003-4499-5348,378,11742,56,157,1.5,"University of California, San Diego",US,"Wind tunnel, Collective behavior, Embodied cognition, Recall",https://api.openalex.org/works?filter=author.id:A5043055788
https://openalex.org/A5082015840,Hae‐Jeong Park,https://orcid.org/0000-0002-4633-0756,277,11610,52,142,0.8,Yonsei University,KR,"Modular design, Modular design, Random access, Emotional conflict",https://api.openalex.org/works?filter=author.id:A5082015840
https://openalex.org/A5075074221,Maximilian Riesenhuber,https://orcid.org/0000-0002-5744-0408,108,11343,31,51,1.8888888888888888,Center for Neuro-Oncology,US,"Selective auditory attention, Germination, Finance, Similarity (geometry)",https://api.openalex.org/works?filter=author.id:A5075074221
https://openalex.org/A5069346030,Quentin J. M. Huys,https://orcid.org/0000-0002-8999-574X,287,11169,50,110,2.505747126436781,University College London,GB,"Data mining, Psychology, Library science, Information retrieval",https://api.openalex.org/works?filter=author.id:A5069346030
https://openalex.org/A5053764911,Patricia Smith Churchland,,203,10718,45,72,0.7142857142857143,"University of California, San Diego",US,"Psychology, Neuroscience, Cognition, Illusion, Cognitive science",https://api.openalex.org/works?filter=author.id:A5053764911
https://openalex.org/A5034466442,David C. Knill,,133,9977,43,66,0.0,University of Rochester,US,"Spatial frequency, Bayesian statistics, Finance, Finance, Finance",https://api.openalex.org/works?filter=author.id:A5034466442
https://openalex.org/A5079504672,Werner M. Kistler,,40,9344,19,24,0.0,European Patent Organisation,DE,"Collective behavior, Finance, Hodgkin–Huxley model, Hodgkin–Huxley model, Gene",https://api.openalex.org/works?filter=author.id:A5079504672
https://openalex.org/A5109006538,Allen I. Selverston,,153,9169,51,106,0.0,"University of California, San Diego",US,"Hemolymph, Hemolymph, Commissure, Hodgkin–Huxley model",https://api.openalex.org/works?filter=author.id:A5109006538
https://openalex.org/A5066126918,Anne‐Lise Giraud,https://orcid.org/0000-0002-1261-3555,137,8762,39,60,2.475,Inserm,FR,"Speech recognition, Computer science, Modular design, Functional integration",https://api.openalex.org/works?filter=author.id:A5066126918
https://openalex.org/A5088598187,Panayiota Poirazi,https://orcid.org/0000-0001-6152-595X,194,8414,38,76,6.075471698113208,FORTH Institute of Molecular Biology and Biotechnology,GR,"Welfare, Fermentation, Recall, Recall",https://api.openalex.org/works?filter=author.id:A5088598187
https://openalex.org/A5054280386,Nicholas T. Carnevale,,81,7938,29,36,1.0,,,"Voltage clamp, Voltage clamp, Voltage clamp, Voltage clamp, Counterintuitive",https://api.openalex.org/works?filter=author.id:A5054280386
https://openalex.org/A5076201697,Romain Brette,https://orcid.org/0000-0003-0110-1623,328,7415,37,74,2.6,Centre National de la Recherche Scientifique,FR,"Anatomy, Physics, Retinal waves, Bistratified cell, Neuroscience",https://api.openalex.org/works?filter=author.id:A5076201697
https://openalex.org/A5013028446,Greg Wayne,,60,7257,29,39,42.333333333333336,Google (United Kingdom),GB,"Embodied cognition, Embodied cognition, Embodied cognition, Recall, Autoencoder",https://api.openalex.org/works?filter=author.id:A5013028446
https://openalex.org/A5033106713,Walter Senn,https://orcid.org/0000-0003-3622-0497,251,7242,41,82,4.4,University of Bern,CH,"Recall, Recall, Finance, Finance",https://api.openalex.org/works?filter=author.id:A5033106713
https://openalex.org/A5001875800,Friedemann Zenke,https://orcid.org/0000-0003-1883-644X,89,7035,27,33,3.2222222222222223,Friedrich Miescher Institute,CH,"Finance, Finance, Signal processing, Gene",https://api.openalex.org/works?filter=author.id:A5001875800
https://openalex.org/A5004133705,Blake A. Richards,https://orcid.org/0000-0001-9662-2151,137,6696,33,58,16.195121951219512,McGill University,CA,"Embodied cognition, Embodied cognition, Embodied cognition, Recall",https://api.openalex.org/works?filter=author.id:A5004133705
https://openalex.org/A5009290840,L. F. Abbott,,54,6665,22,29,0.5,Columbia University,US,"Voltage clamp, Hodgkin–Huxley model, Elementary particle, Motion (physics)",https://api.openalex.org/works?filter=author.id:A5009290840
https://openalex.org/A5102792799,Christopher C. Pack,https://orcid.org/0000-0002-5538-7914,138,6343,40,72,4.16,Montreal Neurological Institute and Hospital,CA,"Computer science, Counterintuitive, Second-order stimulus, Second-order stimulus",https://api.openalex.org/works?filter=author.id:A5102792799
https://openalex.org/A5067451415,Anne Collins,https://orcid.org/0000-0003-3751-3662,140,6237,35,63,5.695652173913044,"University of California, Berkeley",US,"Recall, Bayesian statistics, Bayesian statistics, Finance",https://api.openalex.org/works?filter=author.id:A5067451415
https://openalex.org/A5061468246,Richard Naud,https://orcid.org/0000-0001-7383-3095,148,5911,24,39,2.8260869565217392,MIND Research Institute,US,"Recall, Finance, Finance, Hodgkin–Huxley model",https://api.openalex.org/works?filter=author.id:A5061468246
https://openalex.org/A5033557144,Adam Marblestone,https://orcid.org/0000-0001-9833-9931,69,5712,24,30,29.666666666666668,Massachusetts Institute of Technology,US,"Embodied cognition, Finance, Time domain, Time domain",https://api.openalex.org/works?filter=author.id:A5033557144
https://openalex.org/A5011428379,Andrew Saxe,https://orcid.org/0000-0002-9831-8812,111,5634,27,36,6.361702127659575,Universidad de Londres,MX,"Autoencoder, Fourier transform, Similarity (geometry), Similarity (geometry)",https://api.openalex.org/works?filter=author.id:A5011428379
https://openalex.org/A5070153805,Jeffrey M. Beck,,49,5623,22,27,0.0,Duke University,US,"Poisson distribution, Extinction (optical mineralogy), Description logic, Smooth pursuit, Similarity (geometry)",https://api.openalex.org/works?filter=author.id:A5070153805
https://openalex.org/A5052335069,Anna C. Schapiro,https://orcid.org/0000-0001-8086-0331,128,5594,27,43,2.3157894736842106,California University of Pennsylvania,US,"Recall, Recall, Recall, Recall",https://api.openalex.org/works?filter=author.id:A5052335069
https://openalex.org/A5046512944,Tiago V. Maia,https://orcid.org/0000-0002-5254-0389,60,5368,26,35,1.5,Centro Hospitalar de Lisboa Central,PT,"Information retrieval, Computer science, Table (database), Database, Germination",https://api.openalex.org/works?filter=author.id:A5046512944
https://openalex.org/A5022472476,Michael London,https://orcid.org/0000-0001-5137-1707,61,4813,26,36,3.5,Hebrew University of Jerusalem,IL,"Recall, Recall, Excretion, Therapeutic effect",https://api.openalex.org/works?filter=author.id:A5022472476
https://openalex.org/A5053227067,Dan F. M. Goodman,https://orcid.org/0000-0003-1007-6474,115,4548,26,41,0.6363636363636364,Imperial College London,GB,"Modular design, Modular design, Monaural, Interaural time difference",https://api.openalex.org/works?filter=author.id:A5053227067
https://openalex.org/A5009389346,Luc H. Arnal,https://orcid.org/0000-0002-2226-6497,58,4464,20,27,1.7727272727272727,Assistance Publique – Hôpitaux de Paris,FR,"Recall, Aperiodic graph, Aperiodic graph, Statistics",https://api.openalex.org/works?filter=author.id:A5009389346
https://openalex.org/A5061696167,Pablo Varona,https://orcid.org/0000-0002-1754-8991,224,4325,33,80,1.5625,Universidad Autónoma de Madrid,ES,"Computational neuroscience, Psychology, Neuroscience, Cognitive science",https://api.openalex.org/works?filter=author.id:A5061696167
https://openalex.org/A5009322871,Abhinav Vishnu,https://orcid.org/0000-0002-0593-4780,133,4311,28,69,1.0,Indian Institute of Technology Gandhinagar,IN,"Recall, Recall, Finance, Communications system",https://api.openalex.org/works?filter=author.id:A5009322871
https://openalex.org/A5110230902,Rob de Ruyter van Steveninck,,22,4291,10,10,0.0,Indiana University Bloomington,US,"Poisson distribution, Finance, Motion (physics), Motion (physics), Motion (physics)",https://api.openalex.org/works?filter=author.id:A5110230902
https://openalex.org/A5111366370,Joel L. Davis,,87,4109,23,39,0.0,,,"Anabolism, Extinction (optical mineralogy), Neuroanatomy, Erg, Gene",https://api.openalex.org/works?filter=author.id:A5111366370
https://openalex.org/A5011821037,David G. Beiser,https://orcid.org/0000-0001-9676-087X,135,3702,25,40,2.6666666666666665,University of Chicago,US,"Pathophysiology, Pathophysiology, Gene, Angiotensin receptor",https://api.openalex.org/works?filter=author.id:A5011821037
https://openalex.org/A5000703561,Denis Thérien,https://orcid.org/0000-0002-7545-909X,120,3501,29,61,0.0,,,"First-order logic, First-order logic, First-order logic, First-order logic",https://api.openalex.org/works?filter=author.id:A5000703561
https://openalex.org/A5026532071,Danijar Hafner,https://orcid.org/0000-0002-9534-7271,54,3189,20,26,22.33333333333333,Google (United States),US,"Finance, Finance, Autoencoder, Gene",https://api.openalex.org/works?filter=author.id:A5026532071
https://openalex.org/A5028769863,Joel Zylberberg,https://orcid.org/0000-0002-8208-5698,83,2981,21,30,2.8823529411764706,Canadian Institute for Advanced Research,CA,"Piezoelectricity, Finance, Finance, Autoencoder",https://api.openalex.org/works?filter=author.id:A5028769863
https://openalex.org/A5006191787,Grace W. Lindsay,https://orcid.org/0000-0001-9904-7471,34,2930,13,13,36.09090909090909,New York University,US,"Similarity (geometry), Statistics, Statistics, Deep learning",https://api.openalex.org/works?filter=author.id:A5006191787
https://openalex.org/A5050458937,Davd Warland,,1,2886,1,1,0.0,Harvard University,US,"Software engineering, Physics, Computational neuroscience, Artificial intelligence, Psychology",https://api.openalex.org/works?filter=author.id:A5050458937
https://openalex.org/A5023448303,Nathan O. Hodas,https://orcid.org/0000-0003-1914-0057,83,2800,20,31,0.0,,,"User-generated content, Finance, Modular design, Autoencoder, Autoencoder",https://api.openalex.org/works?filter=author.id:A5023448303
https://openalex.org/A5071515642,Archy O. de Berker,https://orcid.org/0000-0002-3460-7172,23,2672,16,16,0.0,,,"Dissociation (chemistry), Dissociation (chemistry), Intraclass correlation, Anatomy, Anatomy",https://api.openalex.org/works?filter=author.id:A5071515642
https://openalex.org/A5039460327,Rui Ponte Costa,https://orcid.org/0000-0003-2595-2027,114,2540,23,32,3.060606060606061,University of Bristol,GB,"Public economics, Welfare, Welfare, Similarity (geometry)",https://api.openalex.org/works?filter=author.id:A5039460327
https://openalex.org/A5043167556,Philippe Beaudoin,,39,2265,18,19,0.0,University of British Columbia,CA,"Embodied cognition, Embodied cognition, Motion (physics), Motion (physics), Motion (physics)",https://api.openalex.org/works?filter=author.id:A5043167556
https://openalex.org/A5072984510,Garrett B. Goh,https://orcid.org/0000-0002-8858-0868,36,2042,18,24,0.0,Pacific Northwest National Laboratory,US,"Gene, Gene, Gene, Gene, Gene",https://api.openalex.org/works?filter=author.id:A5072984510
https://openalex.org/A5066641278,Marcel Stimberg,https://orcid.org/0000-0002-2648-4790,52,1876,16,18,2.0,Sorbonne Université,FR,"Finance, Interaural time difference, Network model, Gene",https://api.openalex.org/works?filter=author.id:A5066641278
https://openalex.org/A5019855901,Jean‐Philippe Thivierge,https://orcid.org/0000-0003-2457-7173,84,1768,16,22,0.6666666666666666,University of Ottawa,CA,"Recall, Poisson distribution, Poisson distribution, Poisson distribution, Modular design",https://api.openalex.org/works?filter=author.id:A5019855901
https://openalex.org/A5049137362,Amelia J. Christensen,https://orcid.org/0000-0002-0082-4822,12,1697,8,8,1.0,,,"Statistics, Financial economics, Futures contract, Energy transfer, Deep learning",https://api.openalex.org/works?filter=author.id:A5049137362
https://openalex.org/A5030804320,João Sacramento,https://orcid.org/0000-0002-2837-9695,58,1665,15,19,2.2857142857142856,,,"Recall, Modular design, Similarity (geometry), Gene",https://api.openalex.org/works?filter=author.id:A5030804320
https://openalex.org/A5062849992,Benjamin Scellier,,28,1642,9,9,2.875,,,"Statistics, Statistics, Statistics, Deep learning, Deep learning",https://api.openalex.org/works?filter=author.id:A5062849992
https://openalex.org/A5073293567,Colleen J. Gillon,https://orcid.org/0000-0002-2253-7816,17,1472,8,7,3.75,Imperial College London,GB,"Gene, Gene, Messenger RNA, Anatomy",https://api.openalex.org/works?filter=author.id:A5073293567
https://openalex.org/A5090893364,Tomaso Poggio,,13,885,6,6,0.0,,,"Finance, Motion (physics), Gene, Gene, Statistics",https://api.openalex.org/works?filter=author.id:A5090893364
